"","colNames_bk"
"1","m_n24_travel_f"
"2","m_n08_marksales_f"
"3","m_n16_healthcare_f"
"4","m_n17_hightechtelecominternet_f"
"5","m_n19_socialsector_f"
"6","m_n12_strategy_f"
"7","m_dayssnclast_open"
"8","m_n15_financialserv_f"
"9","m_n27_asiapac_f"
"10","m_openrate_1mon"
"11","m_open_1mon"
"12","w_cntdays_sec3ev8_cnspkg"
"13","m_n26_americas_f"
"14","m_n35_automotive_f"
"15","m_n14_energyresourcematerial_f"
"16","m_open_6mon"
"17","m_optin_monthly_highlights_f"
"18","m_n29_europe_f"
"19","m_openrate_6mon"
"20","m_n22_publicsector_f"
"21","m_open_timediff"
"22","m_openrate_9mon"
"23","m_open_9mon"
"24","top_pref_consumer_retail_f"
"25","w_seclvl3ev8_cnspkg_f"
"26","m_n09_operations_f"
"27","m_open_3mon"
"28","m_n32_mckquaterly_f"
"29","m_openrate_3mon"
"30","m_clickrate_9mon"
"31","m_fivefifty_open_6mon"
"32","m_n05_digital_f"
"33","m_fivefifty_openrate_6mon"
"34","m_n28_china_f"
"35","w_avgperday_sec5ev10"
"36","m_clickrate_6mon"
"37","m_tenure"
"38","m_fivefifty_dayssnclast_open"
"39","m_n31_sustainability_f"
"40","m_clickrate_1mon"
"41","m_clickrate_3mon"
"42","m_fivefifty_openrate_3mon"
"43","m_n06_corpfinance_f"
"44","w_cntdays_sec3ev8_mktsls"
"45","m_n08_marksales_f_AND_m_n15_financialserv_f_AND_m_n16_healthcare_f_AND_m_n24_travel_f"
"46","m_n06_corpfinance_f_AND_m_n16_healthcare_f_AND_m_n22_publicsector_f_AND_m_n35_automotive_f"
"47","m_n08_marksales_f_AND_m_n12_strategy_f_AND_m_n24_travel_f_AND_w_seclvl3ev8_cnspkg_f"
"48","m_n15_financialserv_f_AND_m_n16_healthcare_f_AND_m_n17_hightechtelecominternet_f_AND_m_n24_travel_f"
"49","m_n15_financialserv_f_AND_m_n16_healthcare_f_AND_m_n24_travel_f_AND_top_pref_consumer_retail_f"
"50","m_n12_strategy_f_AND_m_n22_publicsector_f_AND_w_cntdays_sec3ev8_cnspkg_AND_w_cntdays_sec3ev8_cnspkg"
"51","m_n12_strategy_f_AND_m_n24_travel_f_AND_m_n26_americas_f_AND_w_seclvl3ev8_cnspkg_f"
"52","m_n08_marksales_f_AND_m_n22_publicsector_f_AND_m_n28_china_f_AND_w_seclvl3ev8_cnspkg_f"
"53","m_n08_marksales_f_AND_m_n15_financialserv_f_AND_m_n19_socialsector_f_AND_m_tenure"
"54","m_n09_operations_f_AND_m_n16_healthcare_f_AND_m_n24_travel_f_AND_w_seclvl3ev8_cnspkg_f"
"55","m_n08_marksales_f_AND_m_n09_operations_f_AND_m_n14_energyresourcematerial_f_AND_w_cntdays_sec3ev8_cnspkg"
"56","m_n08_marksales_f_AND_m_n15_financialserv_f_AND_m_n17_hightechtelecominternet_f_AND_top_pref_consumer_retail_f"
"57","m_n14_energyresourcematerial_f_AND_m_n15_financialserv_f_AND_m_n16_healthcare_f_AND_m_n24_travel_f"
"58","m_n08_marksales_f_AND_m_n22_publicsector_f_AND_m_n26_americas_f_AND_w_cntdays_sec3ev8_cnspkg"
"59","m_n08_marksales_f_AND_m_n17_hightechtelecominternet_f_AND_m_n24_travel_f_AND_top_pref_consumer_retail_f"
"60","m_n08_marksales_f_AND_m_n17_hightechtelecominternet_f_AND_m_n19_socialsector_f_AND_m_n28_china_f"
"61","m_n08_marksales_f_AND_m_n19_socialsector_f_AND_m_n28_china_f_AND_w_cntdays_sec3ev8_cnspkg"
"62","m_n08_marksales_f_AND_m_n12_strategy_f_AND_m_n17_hightechtelecominternet_f_AND_m_open_1mon"
"63","m_n08_marksales_f_AND_m_n16_healthcare_f_AND_m_n22_publicsector_f_AND_m_n24_travel_f"
"64","m_n08_marksales_f_AND_m_n29_europe_f_AND_m_n35_automotive_f_AND_top_pref_consumer_retail_f"
"65","m_n16_healthcare_f_AND_m_n17_hightechtelecominternet_f_AND_m_n19_socialsector_f_AND_m_n35_automotive_f"
"66","m_n08_marksales_f_AND_m_n14_energyresourcematerial_f_AND_m_n22_publicsector_f_AND_m_n28_china_f"
"67","m_n08_marksales_f_AND_m_n12_strategy_f_AND_m_n35_automotive_f_AND_w_cntdays_sec3ev8_cnspkg"
"68","m_n08_marksales_f_AND_m_n12_strategy_f_AND_m_open_1mon_AND_w_cntdays_sec3ev8_cnspkg"
"69","m_n08_marksales_f_AND_m_n17_hightechtelecominternet_f_AND_m_n24_travel_f_AND_w_cntdays_sec3ev8_cnspkg"
"70","m_n08_marksales_f_AND_m_n15_financialserv_f_AND_m_n22_publicsector_f_AND_m_n24_travel_f"
"71","m_n08_marksales_f_AND_m_n15_financialserv_f_AND_m_n24_travel_f_AND_w_seclvl3ev8_cnspkg_f"
"72","m_n08_marksales_f_AND_m_n17_hightechtelecominternet_f_AND_m_n19_socialsector_f_AND_m_n24_travel_f"
"73","m_n06_corpfinance_f_AND_m_n16_healthcare_f_AND_m_n22_publicsector_f_AND_m_n29_europe_f"
"74","m_n08_marksales_f_AND_m_n15_financialserv_f_AND_m_n19_socialsector_f_AND_m_n27_asiapac_f"
"75","m_n08_marksales_f_AND_m_n15_financialserv_f_AND_m_n24_travel_f_AND_w_cntdays_sec3ev8_cnspkg"
"76","m_n08_marksales_f_AND_m_n09_operations_f_AND_m_n22_publicsector_f_AND_m_n29_europe_f"
"77","m_n08_marksales_f_AND_m_n15_financialserv_f_AND_m_n17_hightechtelecominternet_f_AND_w_cntdays_sec3ev8_cnspkg"
"78","m_n08_marksales_f_AND_m_n29_europe_f_AND_m_optin_monthly_highlights_f_AND_w_seclvl3ev8_cnspkg_f"
"79","m_n09_operations_f_AND_m_n19_socialsector_f_AND_m_n26_americas_f_AND_w_cntdays_sec3ev8_cnspkg"
"80","m_n16_healthcare_f_AND_m_n19_socialsector_f_AND_m_n24_travel_f_AND_m_n35_automotive_f"
"81","m_n08_marksales_f_AND_m_n15_financialserv_f_AND_m_n26_americas_f_AND_m_n35_automotive_f"
"82","m_n12_strategy_f_AND_m_n17_hightechtelecominternet_f_AND_m_n24_travel_f_AND_w_cntdays_sec3ev8_cnspkg"
"83","m_n12_strategy_f_AND_m_n24_travel_f_AND_top_pref_consumer_retail_f_AND_w_cntdays_sec3ev8_cnspkg"
"84","m_n08_marksales_f_AND_m_n12_strategy_f_AND_m_n17_hightechtelecominternet_f_AND_top_pref_consumer_retail_f"
"85","m_n08_marksales_f_AND_m_n15_financialserv_f_AND_m_n16_healthcare_f_AND_m_n17_hightechtelecominternet_f"
"86","m_n08_marksales_f_AND_m_n24_travel_f_AND_top_pref_consumer_retail_f_AND_w_cntdays_sec3ev8_cnspkg"
"87","m_n08_marksales_f_AND_m_n24_travel_f_AND_m_n29_europe_f_AND_w_cntdays_sec3ev8_cnspkg"
"88","m_dayssnclast_open_AND_m_dayssnclast_open_AND_m_n24_travel_f_AND_m_n29_europe_f"
"89","m_dayssnclast_open_AND_m_n12_strategy_f_AND_m_n17_hightechtelecominternet_f_AND_m_n26_americas_f"
"90","m_n08_marksales_f_AND_m_n17_hightechtelecominternet_f_AND_m_n32_mckquaterly_f_AND_m_optin_monthly_highlights_f"
"91","m_n08_marksales_f_AND_m_n15_financialserv_f_AND_m_n17_hightechtelecominternet_f_AND_m_n24_travel_f"
"92","m_n08_marksales_f_AND_m_n14_energyresourcematerial_f_AND_m_n15_financialserv_f_AND_m_n17_hightechtelecominternet_f"
"93","m_n08_marksales_f_AND_m_n12_strategy_f_AND_m_n24_travel_f_AND_top_pref_consumer_retail_f"
"94","m_n08_marksales_f_AND_m_n24_travel_f_AND_w_avgperday_sec5ev10_AND_w_seclvl3ev8_cnspkg_f"
"95","m_n06_corpfinance_f_AND_m_n16_healthcare_f_AND_m_n22_publicsector_f_AND_m_n28_china_f"
"96","m_n08_marksales_f_AND_m_n24_travel_f_AND_m_n27_asiapac_f_AND_w_seclvl3ev8_cnspkg_f"
"97","m_n15_financialserv_f_AND_m_n17_hightechtelecominternet_f_AND_m_n22_publicsector_f_AND_m_n24_travel_f"
"98","m_n08_marksales_f_AND_m_n09_operations_f_AND_m_n22_publicsector_f_AND_m_n28_china_f"
"99","m_n08_marksales_f_AND_m_n12_strategy_f_AND_m_n17_hightechtelecominternet_f_AND_m_n24_travel_f"
"100","m_n15_financialserv_f_AND_m_n19_socialsector_f_AND_m_n29_europe_f_AND_m_n35_automotive_f"
"101","m_n08_marksales_f_AND_m_n19_socialsector_f_AND_m_n26_americas_f_AND_w_cntdays_sec3ev8_cnspkg"
"102","m_n09_operations_f_AND_m_n16_healthcare_f_AND_m_n24_travel_f_AND_top_pref_consumer_retail_f"
"103","m_n08_marksales_f_AND_m_n12_strategy_f_AND_m_n26_americas_f_AND_m_open_1mon"
"104","m_n16_healthcare_f_AND_m_n17_hightechtelecominternet_f_AND_m_n24_travel_f_AND_w_cntdays_sec3ev8_cnspkg"
"105","m_n12_strategy_f_AND_m_n15_financialserv_f_AND_m_n16_healthcare_f_AND_m_n24_travel_f"
"106","m_n08_marksales_f_AND_m_n16_healthcare_f_AND_m_n24_travel_f_AND_m_tenure"
"107","m_n08_marksales_f_AND_m_n22_publicsector_f_AND_m_tenure_AND_top_pref_consumer_retail_f"
"108","m_n08_marksales_f_AND_m_n12_strategy_f_AND_m_n17_hightechtelecominternet_f_AND_m_n29_europe_f"
"109","m_n16_healthcare_f_AND_m_n19_socialsector_f_AND_m_n24_travel_f_AND_top_pref_consumer_retail_f"
"110","m_dayssnclast_open_AND_m_n24_travel_f_AND_m_n27_asiapac_f_AND_m_n29_europe_f"
"111","m_n08_marksales_f_AND_m_n16_healthcare_f_AND_m_n24_travel_f_AND_w_cntdays_sec3ev8_cnspkg"
"112","m_n05_digital_f_AND_m_n14_energyresourcematerial_f_AND_m_n17_hightechtelecominternet_f_AND_m_n19_socialsector_f"
"113","m_n12_strategy_f_AND_m_n22_publicsector_f_AND_m_n26_americas_f_AND_w_cntdays_sec3ev8_cnspkg"
"114","m_n08_marksales_f_AND_m_n15_financialserv_f_AND_m_n19_socialsector_f_AND_m_n24_travel_f"
"115","m_n08_marksales_f_AND_m_n24_travel_f_AND_m_n26_americas_f_AND_w_cntdays_sec3ev8_cnspkg"
"116","m_n09_operations_f_AND_m_n14_energyresourcematerial_f_AND_m_n15_financialserv_f_AND_m_n19_socialsector_f"
"117","m_n15_financialserv_f_AND_m_n17_hightechtelecominternet_f_AND_m_n19_socialsector_f_AND_m_n24_travel_f"
"118","m_n08_marksales_f_AND_m_n19_socialsector_f_AND_w_cntdays_sec3ev8_cnspkg_AND_w_cntdays_sec3ev8_cnspkg"
"119","m_n14_energyresourcematerial_f_AND_m_n16_healthcare_f_AND_m_n19_socialsector_f_AND_m_n24_travel_f"
"120","m_n08_marksales_f_AND_m_n24_travel_f_AND_m_n28_china_f_AND_w_seclvl3ev8_cnspkg_f"
"121","m_n08_marksales_f_AND_m_n24_travel_f_AND_m_n27_asiapac_f_AND_w_cntdays_sec3ev8_cnspkg"
"122","m_n15_financialserv_f_AND_m_n19_socialsector_f_AND_m_n29_europe_f_AND_w_cntdays_sec3ev8_cnspkg"
"123","m_n09_operations_f_AND_m_n19_socialsector_f_AND_m_n26_americas_f_AND_top_pref_consumer_retail_f"
"124","m_n24_travel_f_AND_m_n29_europe_f_AND_top_pref_consumer_retail_f_AND_w_seclvl3ev8_cnspkg_f"
"125","m_n08_marksales_f_AND_m_n12_strategy_f_AND_m_n26_americas_f_AND_w_cntdays_sec3ev8_cnspkg"
"126","m_dayssnclast_open_AND_m_n12_strategy_f_AND_m_n24_travel_f_AND_m_n26_americas_f"
"127","m_n12_strategy_f_AND_m_n24_travel_f_AND_m_n29_europe_f_AND_m_open_1mon"
"128","m_n08_marksales_f_AND_m_n17_hightechtelecominternet_f_AND_m_n24_travel_f_AND_w_seclvl3ev8_cnspkg_f"
"129","m_open_1mon_AND_m_open_1mon_AND_m_openrate_1mon_AND_m_openrate_1mon"
"130","m_n08_marksales_f_AND_m_n17_hightechtelecominternet_f_AND_m_n29_europe_f_AND_top_pref_consumer_retail_f"
"131","m_n05_digital_f_AND_m_n16_healthcare_f_AND_m_n24_travel_f_AND_w_seclvl3ev8_cnspkg_f"
"132","m_n08_marksales_f_AND_m_n15_financialserv_f_AND_m_n16_healthcare_f_AND_m_n22_publicsector_f"
"133","m_dayssnclast_open_AND_m_dayssnclast_open_AND_m_n12_strategy_f_AND_m_n17_hightechtelecominternet_f"
"134","m_n14_energyresourcematerial_f_AND_m_n17_hightechtelecominternet_f_AND_m_n19_socialsector_f_AND_m_n28_china_f"
"135","m_n08_marksales_f_AND_m_n16_healthcare_f_AND_m_n17_hightechtelecominternet_f_AND_m_n24_travel_f"
"136","m_n08_marksales_f_AND_m_n09_operations_f_AND_m_n29_europe_f_AND_w_seclvl3ev8_cnspkg_f"
"137","m_n08_marksales_f_AND_m_n16_healthcare_f_AND_m_n24_travel_f_AND_top_pref_consumer_retail_f"
"138","m_n08_marksales_f_AND_m_n12_strategy_f_AND_m_n24_travel_f_AND_m_n26_americas_f"
"139","m_n08_marksales_f_AND_m_n17_hightechtelecominternet_f_AND_m_n19_socialsector_f_AND_top_pref_consumer_retail_f"
"140","m_n08_marksales_f_AND_m_n15_financialserv_f_AND_m_n17_hightechtelecominternet_f_AND_m_n19_socialsector_f"
"141","m_n05_digital_f_AND_m_n16_healthcare_f_AND_m_n24_travel_f_AND_top_pref_consumer_retail_f"
"142","m_n08_marksales_f_AND_m_n09_operations_f_AND_m_n22_publicsector_f_AND_w_seclvl3ev8_cnspkg_f"
"143","m_n08_marksales_f_AND_m_n24_travel_f_AND_w_cntdays_sec3ev8_cnspkg_AND_w_cntdays_sec3ev8_cnspkg"
"144","m_n09_operations_f_AND_m_n16_healthcare_f_AND_m_n17_hightechtelecominternet_f_AND_m_n24_travel_f"
"145","m_n19_socialsector_f_AND_m_n26_americas_f_AND_top_pref_consumer_retail_f_AND_w_cntdays_sec3ev8_cnspkg"
"146","m_n24_travel_f_AND_m_n27_asiapac_f_AND_m_optin_monthly_highlights_f_AND_w_seclvl3ev8_cnspkg_f"
"147","m_n08_marksales_f_AND_m_n26_americas_f_AND_m_n35_automotive_f_AND_w_cntdays_sec3ev8_cnspkg"
"148","m_n09_operations_f_AND_m_n12_strategy_f_AND_m_n24_travel_f_AND_w_cntdays_sec3ev8_cnspkg"
"149","m_n12_strategy_f_AND_m_n24_travel_f_AND_m_n29_europe_f_AND_w_cntdays_sec3ev8_cnspkg"
"150","m_n08_marksales_f_AND_m_n16_healthcare_f_AND_m_n24_travel_f_AND_w_seclvl3ev8_cnspkg_f"
"151","m_n08_marksales_f_AND_m_n17_hightechtelecominternet_f_AND_m_n24_travel_f_AND_m_n35_automotive_f"
"152","m_n08_marksales_f_AND_m_n15_financialserv_f_AND_m_n29_europe_f_AND_m_n35_automotive_f"
"153","m_n08_marksales_f_AND_m_n12_strategy_f_AND_m_n15_financialserv_f_AND_m_n29_europe_f"
"154","m_n08_marksales_f_AND_m_n15_financialserv_f_AND_m_n22_publicsector_f_AND_m_n28_china_f"
"155","m_n08_marksales_f_AND_m_n14_energyresourcematerial_f_AND_m_n16_healthcare_f_AND_m_n22_publicsector_f"
"156","m_n17_hightechtelecominternet_f_AND_m_n19_socialsector_f_AND_m_n28_china_f_AND_top_pref_consumer_retail_f"
"157","m_n08_marksales_f_AND_m_n24_travel_f_AND_m_n26_americas_f_AND_top_pref_consumer_retail_f"
"158","m_n08_marksales_f_AND_m_n09_operations_f_AND_m_n24_travel_f_AND_w_cntdays_sec3ev8_cnspkg"
"159","m_n15_financialserv_f_AND_m_n16_healthcare_f_AND_m_n19_socialsector_f_AND_m_n24_travel_f"
"160","m_n08_marksales_f_AND_m_n12_strategy_f_AND_m_n17_hightechtelecominternet_f_AND_w_cntdays_sec3ev8_cnspkg"
"161","m_n24_travel_f_AND_m_n27_asiapac_f_AND_top_pref_consumer_retail_f_AND_w_seclvl3ev8_cnspkg_f"
"162","m_n16_healthcare_f_AND_m_n17_hightechtelecominternet_f_AND_m_n19_socialsector_f_AND_m_n24_travel_f"
"163","m_n12_strategy_f_AND_m_n24_travel_f_AND_m_tenure_AND_top_pref_consumer_retail_f"
"164","m_n08_marksales_f_AND_m_n24_travel_f_AND_w_avgperday_sec5ev10_AND_w_cntdays_sec3ev8_cnspkg"
"165","m_n08_marksales_f_AND_m_n17_hightechtelecominternet_f_AND_m_n26_americas_f_AND_w_seclvl3ev8_cnspkg_f"
"166","m_n08_marksales_f_AND_m_n14_energyresourcematerial_f_AND_m_n17_hightechtelecominternet_f_AND_w_cntdays_sec3ev8_cnspkg"
"167","m_n19_socialsector_f_AND_m_n26_americas_f_AND_w_cntdays_sec3ev8_cnspkg_AND_w_cntdays_sec3ev8_cnspkg"
"168","m_n24_travel_f_AND_m_n27_asiapac_f_AND_m_n32_mckquaterly_f_AND_m_optin_monthly_highlights_f"
"169","m_dayssnclast_open_AND_m_dayssnclast_open_AND_m_n12_strategy_f_AND_m_n24_travel_f"
"170","m_n08_marksales_f_AND_m_n24_travel_f_AND_top_pref_consumer_retail_f_AND_w_seclvl3ev8_cnspkg_f"
"171","m_n08_marksales_f_AND_m_n12_strategy_f_AND_m_n29_europe_f_AND_w_cntdays_sec3ev8_cnspkg"
"172","m_n08_marksales_f_AND_m_n15_financialserv_f_AND_m_n19_socialsector_f_AND_m_n28_china_f"
"173","m_n08_marksales_f_AND_m_n19_socialsector_f_AND_m_n35_automotive_f_AND_top_pref_consumer_retail_f"
"174","m_n12_strategy_f_AND_m_n24_travel_f_AND_top_pref_consumer_retail_f_AND_w_seclvl3ev8_cnspkg_f"
"175","m_n08_marksales_f_AND_m_n12_strategy_f_AND_m_n29_europe_f_AND_top_pref_consumer_retail_f"
"176","m_n08_marksales_f_AND_m_n22_publicsector_f_AND_m_n28_china_f_AND_top_pref_consumer_retail_f"
"177","m_n08_marksales_f_AND_m_n17_hightechtelecominternet_f_AND_m_optin_monthly_highlights_f_AND_w_cntdays_sec3ev8_cnspkg"
"178","m_n08_marksales_f_AND_m_n12_strategy_f_AND_m_n27_asiapac_f_AND_m_open_1mon"
"179","m_n08_marksales_f_AND_m_n16_healthcare_f_AND_m_n24_travel_f"
"180","m_n08_marksales_f_AND_m_n15_financialserv_f_AND_m_n24_travel_f"
"181","m_n16_healthcare_f_AND_m_n17_hightechtelecominternet_f_AND_m_n24_travel_f"
"182","m_n15_financialserv_f_AND_m_n19_socialsector_f_AND_m_n24_travel_f"
"183","m_n16_healthcare_f_AND_m_n19_socialsector_f_AND_m_n24_travel_f"
"184","m_n08_marksales_f_AND_m_n14_energyresourcematerial_f_AND_m_n15_financialserv_f"
"185","m_n08_marksales_f_AND_m_n14_energyresourcematerial_f_AND_w_cntdays_sec3ev8_cnspkg"
"186","m_n24_travel_f_AND_m_n27_asiapac_f_AND_m_optin_monthly_highlights_f"
"187","m_n08_marksales_f_AND_m_n17_hightechtelecominternet_f_AND_m_n26_americas_f"
"188","m_n14_energyresourcematerial_f_AND_m_n15_financialserv_f_AND_m_n17_hightechtelecominternet_f"
"189","m_n08_marksales_f_AND_m_n26_americas_f_AND_top_pref_consumer_retail_f"
"190","m_n08_marksales_f_AND_m_n12_strategy_f_AND_w_seclvl3ev8_cnspkg_f"
"191","m_n06_corpfinance_f_AND_m_n16_healthcare_f_AND_m_n29_europe_f"
"192","m_n24_travel_f_AND_m_n29_europe_f_AND_top_pref_consumer_retail_f"
"193","m_dayssnclast_open_AND_m_dayssnclast_open_AND_m_n14_energyresourcematerial_f"
"194","m_n06_corpfinance_f_AND_m_n16_healthcare_f_AND_m_n28_china_f"
"195","m_n15_financialserv_f_AND_m_n19_socialsector_f_AND_m_tenure"
"196","m_n17_hightechtelecominternet_f_AND_m_n24_travel_f_AND_m_n26_americas_f"
"197","m_n16_healthcare_f_AND_m_n19_socialsector_f_AND_m_n35_automotive_f"
"198","m_n16_healthcare_f_AND_m_n24_travel_f_AND_top_pref_consumer_retail_f"
"199","m_n15_financialserv_f_AND_m_n17_hightechtelecominternet_f_AND_m_n22_publicsector_f"
"200","m_dayssnclast_open_AND_m_dayssnclast_open_AND_m_open_1mon"
"201","m_n09_operations_f_AND_m_n14_energyresourcematerial_f_AND_w_cntdays_sec3ev8_cnspkg"
"202","m_n08_marksales_f_AND_w_cntdays_sec3ev8_cnspkg_AND_w_cntdays_sec3ev8_cnspkg"
"203","m_n09_operations_f_AND_m_n29_europe_f_AND_w_seclvl3ev8_cnspkg_f"
"204","m_n17_hightechtelecominternet_f_AND_m_n19_socialsector_f_AND_m_n28_china_f"
"205","m_n09_operations_f_AND_m_n16_healthcare_f_AND_m_n17_hightechtelecominternet_f"
"206","m_n14_energyresourcematerial_f_AND_m_open_1mon_AND_m_openrate_1mon"
"207","m_dayssnclast_open_AND_m_dayssnclast_open_AND_m_openrate_1mon"
"208","m_dayssnclast_open_AND_m_dayssnclast_open_AND_m_n31_sustainability_f"
"209","m_n08_marksales_f_AND_w_avgperday_sec5ev10_AND_w_cntdays_sec3ev8_cnspkg"
"210","m_n15_financialserv_f_AND_m_n16_healthcare_f_AND_m_n24_travel_f"
"211","m_n08_marksales_f_AND_m_n15_financialserv_f_AND_m_n17_hightechtelecominternet_f"
"212","m_n08_marksales_f_AND_m_n29_europe_f_AND_w_seclvl3ev8_cnspkg_f"
"213","m_n12_strategy_f_AND_m_n22_publicsector_f_AND_w_cntdays_sec3ev8_cnspkg"
"214","m_n08_marksales_f_AND_m_n09_operations_f_AND_m_n22_publicsector_f"
"215","m_n08_marksales_f_AND_m_n12_strategy_f_AND_m_n26_americas_f"
"216","m_n08_marksales_f_AND_m_n24_travel_f_AND_m_n28_china_f"
"217","m_n06_corpfinance_f_AND_m_n16_healthcare_f_AND_m_n35_automotive_f"
"218","m_open_1mon_AND_m_openrate_1mon_AND_m_openrate_1mon"
"219","m_n08_marksales_f_AND_m_n24_travel_f_AND_top_pref_consumer_retail_f"
"220","m_n15_financialserv_f_AND_m_n16_healthcare_f_AND_m_n17_hightechtelecominternet_f"
"221","m_dayssnclast_open_AND_m_n12_strategy_f_AND_m_n26_americas_f"
"222","m_n15_financialserv_f_AND_m_n16_healthcare_f_AND_m_n19_socialsector_f"
"223","m_n15_financialserv_f_AND_m_n19_socialsector_f_AND_m_n27_asiapac_f"
"224","m_n16_healthcare_f_AND_m_n24_travel_f_AND_m_tenure"
"225","m_n08_marksales_f_AND_m_n26_americas_f_AND_w_cntdays_sec3ev8_cnspkg"
"226","m_n09_operations_f_AND_m_n22_publicsector_f_AND_w_seclvl3ev8_cnspkg_f"
"227","m_n08_marksales_f_AND_m_n24_travel_f_AND_m_optin_monthly_highlights_f"
"228","m_n15_financialserv_f_AND_m_n29_europe_f_AND_w_cntdays_sec3ev8_cnspkg"
"229","m_n08_marksales_f_AND_m_n32_mckquaterly_f_AND_m_optin_monthly_highlights_f"
"230","m_n12_strategy_f_AND_m_tenure_AND_top_pref_consumer_retail_f"
"231","m_n17_hightechtelecominternet_f_AND_m_open_1mon_AND_m_openrate_1mon"
"232","m_n08_marksales_f_AND_m_n35_automotive_f_AND_top_pref_consumer_retail_f"
"233","m_clickrate_9mon_AND_m_n08_marksales_f_AND_m_n24_travel_f"
"234","m_n12_strategy_f_AND_m_open_1mon_AND_m_openrate_1mon"
"235","m_dayssnclast_open_AND_m_open_1mon_AND_m_openrate_1mon"
"236","m_n08_marksales_f_AND_m_n17_hightechtelecominternet_f_AND_m_n24_travel_f"
"237","m_n08_marksales_f_AND_m_n19_socialsector_f_AND_m_n24_travel_f"
"238","m_n08_marksales_f_AND_m_n12_strategy_f_AND_m_n17_hightechtelecominternet_f"
"239","m_n15_financialserv_f_AND_m_n22_publicsector_f_AND_m_n24_travel_f"
"240","m_n08_marksales_f_AND_m_n22_publicsector_f_AND_w_seclvl3ev8_cnspkg_f"
"241","m_n08_marksales_f_AND_m_n17_hightechtelecominternet_f_AND_m_n19_socialsector_f"
"242","m_n09_operations_f_AND_m_n19_socialsector_f_AND_m_n26_americas_f"
"243","m_n08_marksales_f_AND_m_n16_healthcare_f_AND_m_n17_hightechtelecominternet_f"
"244","m_n08_marksales_f_AND_m_n26_americas_f_AND_m_n35_automotive_f"
"245","m_n15_financialserv_f_AND_m_n17_hightechtelecominternet_f_AND_m_n19_socialsector_f"
"246","m_open_1mon_AND_m_open_1mon_AND_m_openrate_1mon"
"247","m_n09_operations_f_AND_m_n14_energyresourcematerial_f_AND_m_n15_financialserv_f"
"248","m_n08_marksales_f_AND_m_n15_financialserv_f_AND_w_seclvl3ev8_cnspkg_f"
"249","m_dayssnclast_open_AND_m_dayssnclast_open_AND_m_n12_strategy_f"
"250","m_n08_marksales_f_AND_m_n17_hightechtelecominternet_f_AND_m_optin_monthly_highlights_f"
"251","m_n22_publicsector_f_AND_m_n28_china_f_AND_w_seclvl3ev8_cnspkg_f"
"252","m_n12_strategy_f_AND_m_n26_americas_f_AND_w_seclvl3ev8_cnspkg_f"
"253","m_n15_financialserv_f_AND_m_n22_publicsector_f_AND_m_n26_americas_f"
"254","m_n08_marksales_f_AND_m_n15_financialserv_f_AND_m_n35_automotive_f"
"255","m_n08_marksales_f_AND_m_n16_healthcare_f_AND_top_pref_consumer_retail_f"
"256","m_open_1mon_AND_m_open_3mon_AND_m_openrate_1mon"
"257","m_n08_marksales_f_AND_m_n09_operations_f_AND_m_n17_hightechtelecominternet_f"
"258","m_n08_marksales_f_AND_m_n27_asiapac_f_AND_w_cntdays_sec3ev8_cnspkg"
"259","m_n17_hightechtelecominternet_f_AND_m_n26_americas_f_AND_w_seclvl3ev8_cnspkg_f"
"260","m_n17_hightechtelecominternet_f_AND_m_n19_socialsector_f_AND_m_n24_travel_f"
"261","m_n09_operations_f_AND_m_n16_healthcare_f_AND_w_seclvl3ev8_cnspkg_f"
"262","m_n08_marksales_f_AND_m_n24_travel_f_AND_w_cntdays_sec3ev8_cnspkg"
"263","m_n08_marksales_f_AND_m_n15_financialserv_f_AND_m_n19_socialsector_f"
"264","m_n15_financialserv_f_AND_m_n17_hightechtelecominternet_f_AND_m_n24_travel_f"
"265","m_n12_strategy_f_AND_m_n22_publicsector_f_AND_m_n26_americas_f"
"266","m_n19_socialsector_f_AND_m_n26_americas_f_AND_w_cntdays_sec3ev8_cnspkg"
"267","m_n08_marksales_f_AND_m_n15_financialserv_f_AND_m_n22_publicsector_f"
"268","m_n12_strategy_f_AND_m_n26_americas_f_AND_w_cntdays_sec3ev8_cnspkg"
"269","m_n24_travel_f_AND_m_n27_asiapac_f_AND_w_seclvl3ev8_cnspkg_f"
"270","m_n08_marksales_f_AND_m_n17_hightechtelecominternet_f_AND_m_n29_europe_f"
"271","m_n12_strategy_f_AND_m_n24_travel_f_AND_m_n29_europe_f"
"272","m_n08_marksales_f_AND_m_n09_operations_f_AND_w_cntdays_sec3ev8_cnspkg"
"273","m_n08_marksales_f_AND_m_n12_strategy_f_AND_top_pref_consumer_retail_f"
"274","m_dayssnclast_open_AND_m_n24_travel_f_AND_m_n29_europe_f"
"275","m_n08_marksales_f_AND_m_n15_financialserv_f_AND_w_cntdays_sec3ev8_cnspkg"
"276","m_n08_marksales_f_AND_m_n12_strategy_f_AND_m_open_1mon"
"277","m_n09_operations_f_AND_m_n22_publicsector_f_AND_m_n29_europe_f"
"278","m_n08_marksales_f_AND_m_n16_healthcare_f_AND_m_n29_europe_f"
"279","m_n08_marksales_f_AND_m_n14_energyresourcematerial_f_AND_m_n19_socialsector_f"
"280","m_n22_publicsector_f_AND_m_n26_americas_f_AND_top_pref_consumer_retail_f"
"281","m_n12_strategy_f_AND_m_n26_americas_f_AND_m_n35_automotive_f"
"282","m_n15_financialserv_f_AND_m_n16_healthcare_f_AND_m_n22_publicsector_f"
"283","m_n27_asiapac_f_AND_m_n32_mckquaterly_f_AND_m_optin_monthly_highlights_f"
"284","m_n19_socialsector_f_AND_m_tenure_AND_top_pref_consumer_retail_f"
"285","m_n12_strategy_f_AND_m_n29_europe_f_AND_w_cntdays_sec3ev8_cnspkg"
"286","m_n24_travel_f_AND_w_avgperday_sec5ev10_AND_w_seclvl3ev8_cnspkg_f"
"287","m_n12_strategy_f_AND_m_optin_monthly_highlights_f_AND_w_cntdays_sec3ev8_cnspkg"
"288","m_n08_marksales_f_AND_m_n12_strategy_f_AND_m_n24_travel_f"
"289","m_n08_marksales_f_AND_m_n24_travel_f_AND_m_n26_americas_f"
"290","m_n08_marksales_f_AND_m_n19_socialsector_f_AND_w_cntdays_sec3ev8_cnspkg"
"291","m_n12_strategy_f_AND_m_n24_travel_f_AND_top_pref_consumer_retail_f"
"292","m_n09_operations_f_AND_m_n16_healthcare_f_AND_m_n24_travel_f"
"293","m_n15_financialserv_f_AND_m_n19_socialsector_f_AND_m_n29_europe_f"
"294","m_n05_digital_f_AND_m_n16_healthcare_f_AND_m_n24_travel_f"
"295","m_n08_marksales_f_AND_m_n12_strategy_f_AND_m_n29_europe_f"
"296","m_n12_strategy_f_AND_m_n24_travel_f_AND_w_cntdays_sec3ev8_cnspkg"
"297","m_n17_hightechtelecominternet_f_AND_m_n29_europe_f_AND_w_cntdays_sec3ev8_cnspkg"
"298","m_n16_healthcare_f_AND_m_n17_hightechtelecominternet_f_AND_m_n19_socialsector_f"
"299","m_n17_hightechtelecominternet_f_AND_m_n19_socialsector_f_AND_m_n35_automotive_f"
"300","m_n08_marksales_f_AND_m_n22_publicsector_f_AND_top_pref_consumer_retail_f"
"301","m_n08_marksales_f_AND_m_n14_energyresourcematerial_f_AND_m_n22_publicsector_f"
"302","m_n08_marksales_f_AND_m_n22_publicsector_f_AND_m_n26_americas_f"
"303","m_n24_travel_f_AND_m_n28_china_f_AND_w_seclvl3ev8_cnspkg_f"
"304","m_n17_hightechtelecominternet_f_AND_m_n26_americas_f_AND_w_cntdays_sec3ev8_cnspkg"
"305","m_n15_financialserv_f_AND_m_n29_europe_f_AND_m_n35_automotive_f"
"306","m_n14_energyresourcematerial_f_AND_m_n16_healthcare_f_AND_m_n19_socialsector_f"
"307","m_n08_marksales_f_AND_w_avgperday_sec5ev10_AND_w_seclvl3ev8_cnspkg_f"
"308","m_n12_strategy_f_AND_m_n24_travel_f_AND_w_seclvl3ev8_cnspkg_f"
"309","m_n05_digital_f_AND_m_n16_healthcare_f_AND_top_pref_consumer_retail_f"
"310","m_n05_digital_f_AND_m_open_1mon_AND_m_openrate_1mon"
"311","m_n24_travel_f_AND_top_pref_consumer_retail_f_AND_w_seclvl3ev8_cnspkg_f"
"312","m_n22_publicsector_f_AND_m_n26_americas_f_AND_w_cntdays_sec3ev8_cnspkg"
"313","m_n16_healthcare_f_AND_m_n17_hightechtelecominternet_f_AND_m_n35_automotive_f"
"314","m_n06_corpfinance_f_AND_m_n16_healthcare_f_AND_m_n22_publicsector_f"
"315","m_n08_marksales_f_AND_m_n24_travel_f_AND_w_seclvl3ev8_cnspkg_f"
"316","m_n08_marksales_f_AND_m_n17_hightechtelecominternet_f_AND_w_cntdays_sec3ev8_cnspkg"
"317","m_n08_marksales_f_AND_m_n15_financialserv_f_AND_m_n16_healthcare_f"
"318","m_n14_energyresourcematerial_f_AND_m_n15_financialserv_f_AND_m_n19_socialsector_f"
"319","m_n08_marksales_f_AND_m_n19_socialsector_f_AND_top_pref_consumer_retail_f"
"320","m_n17_hightechtelecominternet_f_AND_m_n19_socialsector_f_AND_top_pref_consumer_retail_f"
"321","m_dayssnclast_open_AND_m_n12_strategy_f_AND_m_n24_travel_f"
"322","m_n12_strategy_f_AND_m_n24_travel_f_AND_m_n26_americas_f"
"323","m_n12_strategy_f_AND_m_n17_hightechtelecominternet_f_AND_w_cntdays_sec3ev8_cnspkg"
"324","m_n14_energyresourcematerial_f_AND_m_n17_hightechtelecominternet_f_AND_m_n19_socialsector_f"
"325","m_n08_marksales_f_AND_m_n29_europe_f_AND_m_n35_automotive_f"
"326","m_dayssnclast_open_AND_m_n12_strategy_f_AND_m_n17_hightechtelecominternet_f"
"327","m_n19_socialsector_f_AND_w_cntdays_sec3ev8_cnspkg_AND_w_cntdays_sec3ev8_cnspkg"
"328","m_n08_marksales_f_AND_m_n12_strategy_f_AND_m_n35_automotive_f"
"329","m_n09_operations_f_AND_m_n22_publicsector_f_AND_m_n28_china_f"
"330","m_n12_strategy_f_AND_w_cntdays_sec3ev8_cnspkg_AND_w_cntdays_sec3ev8_cnspkg"
"331","m_n15_financialserv_f_AND_m_n16_healthcare_f_AND_top_pref_consumer_retail_f"
"332","m_n08_marksales_f_AND_m_n27_asiapac_f_AND_w_seclvl3ev8_cnspkg_f"
"333","m_n14_energyresourcematerial_f_AND_m_n15_financialserv_f_AND_m_n16_healthcare_f"
"334","m_n14_energyresourcematerial_f_AND_m_n17_hightechtelecominternet_f_AND_w_cntdays_sec3ev8_cnspkg"
"335","m_n08_marksales_f_AND_m_n28_china_f_AND_m_n35_automotive_f"
"336","m_n09_operations_f_AND_m_n26_americas_f_AND_w_cntdays_sec3ev8_cnspkg"
"337","m_n16_healthcare_f_AND_m_n17_hightechtelecominternet_f_AND_w_cntdays_sec3ev8_cnspkg"
"338","m_n12_strategy_f_AND_m_n24_travel_f_AND_m_optin_monthly_highlights_f"
"339","m_dayssnclast_open_AND_m_dayssnclast_open_AND_m_n17_hightechtelecominternet_f"
"340","m_n08_marksales_f_AND_m_n24_travel_f"
"341","m_n08_marksales_f_AND_m_n22_publicsector_f"
"342","m_n12_strategy_f_AND_m_n22_publicsector_f"
"343","m_dayssnclast_open_AND_m_dayssnclast_open"
"344","m_n24_travel_f_AND_m_n27_asiapac_f"
"345","m_n26_americas_f_AND_w_cntdays_sec3ev8_cnspkg"
"346","m_n17_hightechtelecominternet_f_AND_m_n26_americas_f"
"347","m_n12_strategy_f_AND_top_pref_consumer_retail_f"
"348","m_dayssnclast_open_AND_m_openrate_1mon"
"349","m_n14_energyresourcematerial_f_AND_m_n19_socialsector_f"
"350","m_n24_travel_f_AND_m_optin_monthly_highlights_f"
"351","m_open_9mon_AND_m_openrate_9mon"
"352","m_n16_healthcare_f_AND_m_n35_automotive_f"
"353","m_open_timediff_AND_m_openrate_6mon"
"354","m_fivefifty_open_6mon_AND_m_fivefifty_openrate_6mon"
"355","m_n12_strategy_f_AND_w_seclvl3ev8_cnspkg_f"
"356","m_fivefifty_openrate_6mon_AND_m_openrate_1mon"
"357","m_n16_healthcare_f_AND_m_n24_travel_f"
"358","m_n15_financialserv_f_AND_m_n19_socialsector_f"
"359","m_n15_financialserv_f_AND_m_n16_healthcare_f"
"360","m_n08_marksales_f_AND_m_n15_financialserv_f"
"361","m_n12_strategy_f_AND_m_n26_americas_f"
"362","m_n16_healthcare_f_AND_m_n17_hightechtelecominternet_f"
"363","m_n17_hightechtelecominternet_f_AND_m_n29_europe_f"
"364","m_n22_publicsector_f_AND_m_n26_americas_f"
"365","m_n17_hightechtelecominternet_f_AND_w_cntdays_sec3ev8_cnspkg"
"366","m_n08_marksales_f_AND_m_optin_monthly_highlights_f"
"367","m_n24_travel_f_AND_m_n28_china_f"
"368","m_openrate_1mon_AND_m_openrate_3mon"
"369","m_n14_energyresourcematerial_f_AND_m_n16_healthcare_f"
"370","m_n22_publicsector_f_AND_top_pref_consumer_retail_f"
"371","m_n05_digital_f_AND_m_n16_healthcare_f"
"372","m_n08_marksales_f_AND_m_n17_hightechtelecominternet_f"
"373","m_open_1mon_AND_m_openrate_1mon"
"374","m_n08_marksales_f_AND_m_n12_strategy_f"
"375","m_n19_socialsector_f_AND_m_n26_americas_f"
"376","m_n14_energyresourcematerial_f_AND_m_n15_financialserv_f"
"377","m_n12_strategy_f_AND_w_cntdays_sec3ev8_cnspkg"
"378","m_n19_socialsector_f_AND_top_pref_consumer_retail_f"
"379","m_open_1mon_AND_m_open_3mon"
"380","m_dayssnclast_open_AND_m_n14_energyresourcematerial_f"
"381","m_n19_socialsector_f_AND_m_n35_automotive_f"
"382","m_n12_strategy_f_AND_m_n29_europe_f"
"383","m_n09_operations_f_AND_m_n16_healthcare_f"
"384","m_n24_travel_f_AND_w_seclvl3ev8_cnspkg_f"
"385","m_open_3mon_AND_m_open_6mon"
"386","w_cntdays_sec3ev8_cnspkg_AND_w_cntdays_sec3ev8_cnspkg"
"387","m_n08_marksales_f_AND_m_n19_socialsector_f"
"388","m_n19_socialsector_f_AND_m_n24_travel_f"
"389","m_n17_hightechtelecominternet_f_AND_m_n19_socialsector_f"
"390","m_n15_financialserv_f_AND_m_n17_hightechtelecominternet_f"
"391","m_n12_strategy_f_AND_m_n17_hightechtelecominternet_f"
"392","m_n15_financialserv_f_AND_m_n22_publicsector_f"
"393","m_n24_travel_f_AND_m_n29_europe_f"
"394","m_open_6mon_AND_m_openrate_6mon"
"395","m_n08_marksales_f_AND_w_seclvl3ev8_cnspkg_f"
"396","m_n27_asiapac_f_AND_m_optin_monthly_highlights_f"
"397","m_fivefifty_open_6mon_AND_m_open_1mon"
"398","m_dayssnclast_open_AND_m_n26_americas_f"
"399","m_n12_strategy_f_AND_m_optin_monthly_highlights_f"
"400","m_n09_operations_f_AND_w_seclvl3ev8_cnspkg_f"
"401","m_n09_operations_f_AND_m_n26_americas_f"
"402","m_n15_financialserv_f_AND_m_n24_travel_f"
"403","m_n08_marksales_f_AND_m_n29_europe_f"
"404","m_n08_marksales_f_AND_m_n26_americas_f"
"405","m_n08_marksales_f_AND_w_cntdays_sec3ev8_cnspkg"
"406","m_n08_marksales_f_AND_m_n16_healthcare_f"
"407","m_n08_marksales_f_AND_m_n35_automotive_f"
"408","m_dayssnclast_open_AND_m_n12_strategy_f"
"409","m_n09_operations_f_AND_m_n22_publicsector_f"
"410","m_n16_healthcare_f_AND_m_n19_socialsector_f"
"411","m_n09_operations_f_AND_w_cntdays_sec3ev8_cnspkg"
"412","m_dayssnclast_open_AND_m_open_1mon"
"413","m_open_timediff_AND_m_openrate_9mon"
"414","m_n29_europe_f_AND_w_cntdays_sec3ev8_cnspkg"
"415","m_open_6mon_AND_m_openrate_1mon"
"416","m_optin_monthly_highlights_f_AND_w_cntdays_sec3ev8_cnspkg"
"417","m_n12_strategy_f_AND_m_n24_travel_f"
"418","m_n16_healthcare_f_AND_m_n22_publicsector_f"
"419","m_n08_marksales_f_AND_m_n14_energyresourcematerial_f"
"420","m_n06_corpfinance_f_AND_m_n16_healthcare_f"
"421","m_n17_hightechtelecominternet_f_AND_m_n24_travel_f"
"422","m_n19_socialsector_f_AND_w_cntdays_sec3ev8_cnspkg"
"423","m_n32_mckquaterly_f_AND_m_optin_monthly_highlights_f"
"424","m_n22_publicsector_f_AND_w_seclvl3ev8_cnspkg_f"
"425","m_n15_financialserv_f_AND_m_n35_automotive_f"
"426","m_n15_financialserv_f_AND_m_n29_europe_f"
"427","m_n14_energyresourcematerial_f_AND_w_cntdays_sec3ev8_cnspkg"
"428","m_n24_travel_f_AND_top_pref_consumer_retail_f"
"429","m_n29_europe_f_AND_m_optin_monthly_highlights_f"
"430","m_n12_strategy_f_AND_m_open_1mon"
"431","m_open_6mon_AND_m_openrate_9mon"
